Clase,Tasa metabólica,Rango,Ejemplos
"Reposo",115.0, "(100 a 125)","Reposo, sentado a gusto"
"Tasa metabólica baja",180.0, "(125 a 235)"","Trabajo manual ligero (escribir, mecanografiar, dibujar, coser, llevar la contabilidad); trabajo de manos y brazos (pequeñas herramientas de banco, inspección, ensemblaje o clasificación de materiales ligeros); trabajo de brazos y piernas (conducir un vehículo en condiciones normales, accionar un interruptor de pie o un pedal)."
"Tasa metabólica moderada",300.0, "(235 a 360)","Trabajo sostenido de manos y brazos (clavar clavos, limar); trabajo de brazos y piernas (manejo de camiones, tractores o equipos de construcción); trabajo de brazos y tronco (trabajo con martillo neumático, montaje de tractores, enyesado, manipulación intermitente de material moderadamente pesado, desbrozar, escardar, recoger frutas o verduras, empujar o tirar de carros ligeros o carretillas, caminar a una velocidad de 2,5 a 5,5 km/h en superficie plana: forjado)"
"Tasa metabólica alta",415.0, "(360 a 465)","Trabajo intenso con los brazos y el tronco; transporte de material pesado; trabajo con patas; trabajo con mazos; aserrado; planchado o cincelado de madera dura; siega manual; excavación; caminar a una velocidad de 5,5 a 7 km/h en superficie plana. Empujar o tirar de carros de mano o carretillas muy cargados; astillar piezas de fundición; colocar bloques de concreto."
"Tasa metabólica muy alta",520.0, "(>465)","Actividad muy intensa a ritmo rápido o máximo; trabajar con un hacha; palear o cavar intensamente; subir escaleras, rampas o escaleras; caminar rápidamente con pasos pequeños; correr en superficie plana; caminar a una velocidad superior a 7 km/h en superficie plana."